Office name,Site requirement,Office text
Northside,Banning register,Not required for this office
Northside,Reference check,Not required for this office
Northside,First aid,Not required for this office
Northside,Statutory declaration,Not required for this office
Northside,Qualifications,Not required for this office
Bayside,Banning register,Not required for this office
Bayside,Reference check,Not required for this office
Bayside,Driver licence,Not required for this office
Bayside,Statutory declaration,Not required for this office
Bayside,Qualifications,Not required for this office
Central,Banning register,Not required for this office
Central,Reference check,Not required for this office
Central,Driver licence,Not required for this office
Central,First aid,Not required for this office
Central,Statutory declaration,Not required for this office
Hills District,Banning register,Not required for this office
Hills District,Reference check,Not required for this office
Hills District,First aid,Not required for this office
Hills District,Statutory declaration,Not required for this office
Hills District,Qualifications,Not required for this office
Riverland,Banning register,Not required for this office
Riverland,Reference check,Not required for this office
Riverland,Driver licence,Not required for this office
Riverland,First aid,Not required for this office
Riverland,Qualifications,Not required for this office
Coastal,Banning register,Not required for this office
Coastal,Reference check,Not required for this office
Coastal,Driver licence,Not required for this office
Coastal,Statutory declaration,Not required for this office
Coastal,Qualifications,Not required for this office
